{
  "atopdevices": [
    ".1.3.6.1.4.1.3755.0.0.14",
    ".1.3.6.1.4.1.3755.0.0.23",
    ".1.3.6.1.4.1.3755.0.0.15",
    ".1.3.6.1.4.1.3755.0.0.21",
    ".1.3.6.1.4.1.3755.0.0.22",
    ".1.3.6.1.4.1.3755.0.0.24",
    ".1.3.6.1.4.1.3755.0.0.26",
    ".1.3.6.1.4.1.3755.0.0.31",
    ".1.3.6.1.4.1.3755.0.0.33",
    ".1.3.6.1.4.1.3755.0.0.2033",
    ".1.3.6.1.4.1.3755.0.0.2031",
    ".1.3.6.1.4.1.3755.0.0.2015",
    ".1.3.6.1.4.1.11317.0.0.31",
    ".1.3.6.1.4.1.11317.0.0.14",
    ".1.3.6.1.4.1.11317.0.0.23",
    ".1.3.6.1.4.1.11317.0.0.15",
    ".1.3.6.1.4.1.11317.0.0.21"
  ],
  "snmp": {
    "community": "public",
    "port": 161,
    "retries": 1,
    "timeout": 1,
    "version": 1
  }
}